{"epoch": 43, "loss": 0.017135835899530563, "accuracy": 0.990569526627219, "f1": 0.9874754548072815, "val_loss": 0.031899174507490774, "val_accuracy": 0.9861918604651163, "val_f1": 0.9816027879714966, "_runtime": 4140, "_timestamp": 1630384094, "_step": 42, "_wandb": {"runtime": 4156}}