{"epoch": 50, "loss": 0.024149523645653117, "accuracy": 0.9866727941176471, "f1": 0.9818734526634216, "val_loss": 0.30536549538373947, "val_accuracy": 0.9157037815126051, "val_f1": 0.8894098997116089, "_runtime": 1753, "_timestamp": 1630379922, "_step": 49, "_wandb": {"runtime": 1755}}