{"epoch": 1, "loss": 0.4511528225960555, "accuracy": 0.7650462962962963, "f1": 0.7264575958251953, "val_loss": 0.3467419638353236, "val_accuracy": 0.814031862745098, "val_f1": 0.7529950737953186, "_runtime": 38, "_timestamp": 1630378125, "_step": 0, "_wandb": {"runtime": 42}}