{"epoch": 50, "loss": 0.019171189245860337, "accuracy": 0.9892003676470589, "f1": 0.9862633943557739, "val_loss": 0.201479721814394, "val_accuracy": 0.9242384453781513, "val_f1": 0.8947740197181702, "_runtime": 1745, "_timestamp": 1630379932, "_step": 49, "_wandb": {"runtime": 1745}}