{"epoch": 19, "loss": 0.8457052324499402, "accuracy": 0.8834010808270677, "f1": 0.8410163521766663, "val_loss": 0.9017852743466696, "val_accuracy": 0.7941113945578232, "val_f1": 0.7373242378234863, "_runtime": 1284, "_timestamp": 1630372916, "_step": 6, "_wandb": {"runtime": 1331}}